[
  {
    "name": "COVID19_Delta",
    "data_time": "2025-11-22",
    "region": "Global",
    "notes": "Параметры представлены как точечные оценки, рассчитанные на основе агрегированного анализа публикаций периода доминирования Delta. Значения ориентированы на популяцию со средней возрастной структурой и умеренной вакцинацией.",
    "data": {
      "R0": 5.0,
      "sigma": 0.1923,
      "gamma": 0.10,

      "p_hosp": 0.07,
      "p_inc": 0.015,
      "p_death": 0.01,

      "p_death_hosp_treated": 0.10,
      "p_death_hosp_untreated": 0.60,
      "p_death_inc_treated": 0.25,
      "p_death_inc_untreated": 0.90,

      "latent_period": 5.2,
      "infectious_period": 10.0,
      "hosp_duration": 10,
      "icu_duration": 12,

      "max_wait": 0.5,

      "ranges": {
        "R0": [4.5, 5.5],
        "p_hosp": [0.05, 0.10],
        "p_inc": [0.01, 0.03],
        "p_death": [0.005, 0.02],
        "p_death_hosp_treated": [0.12, 0.18],
        "p_death_inc_treated": [0.30, 0.45],
        "hosp_duration_days": [7, 14],
        "icu_duration_days": [8, 18]
      }
    }
  }
]
