[
  {
    "id": 1,
    "name": "Районная больница / Малый стационар",
    "quality": 0.9,
    "beds": 40,
    "icu_beds": 15,
    "reserve_beds": 5,
    "reserve_icu": 2,
    "budget": 50000000,
    "costs": {
      "beds_purchase": 200000,
      "beds_day": 4000,
      "icu_purchase": 2000000,
      "icu_day": 12000
    }
  },
  {
    "id": 2,
    "name": "Межрайонный стационар / Городская больница",
    "quality": 1.0,
    "beds": 100,
    "icu_beds": 40,
    "reserve_beds": 20,
    "reserve_icu": 4,
    "budget": 80000000,
    "costs": {
      "beds_purchase": 220000,
      "beds_day": 4500,
      "icu_purchase": 2300000,
      "icu_day": 13000
    }
  },
  {
    "id": 3,
    "name": "Крупная клиническая больница / Федеральный центр",
    "quality": 1.2,
    "beds": 300,
    "icu_beds": 60,
    "reserve_beds": 10,
    "reserve_icu": 5,
    "budget": 120000000,
    "costs": {
      "beds_purchase": 250000,
      "beds_day": 5000,
      "icu_purchase": 2500000,
      "icu_day": 15000
    }
  }
]
