epoch,mean_agent_reward,sum_agent_rewards,total_deaths,total_rejected,total_infected
1,-266.3354502434212,-799.0063507302635,1087,4335,45671.16350532837
2,-243.97209677774492,-731.9162903332348,751,2465,46422.35443062467
3,-273.46492631402106,-820.3947789420631,922,3336,45336.8154902993
4,-252.875832860443,-758.6274985813291,1137,4553,44777.55032438308
5,-272.7398480256299,-818.2195440768896,1017,3913,44607.1768416338
6,-223.9683274277105,-671.9049822831315,746,2154,46478.64165656034
7,-138.64642083453654,-415.9392625036096,558,855,46949.783230228335
8,-242.83777124002714,-728.5133137200814,1048,4271,45063.811395098186
9,-284.863215589213,-854.5896467676389,984,3780,44430.174512975485
10,-258.91984574100235,-776.7595372230071,975,3665,45169.79452255675
11,-284.96922325193054,-854.9076697557916,1107,4437,44833.75083683249
12,-264.1206787870041,-792.3620363610123,962,3830,44749.84424961518
13,-270.1695641565754,-810.5086924697263,1116,4688,45398.25929259787
14,-254.6834770736085,-764.0504312208254,1060,4035,45279.04544978094
15,-270.3973070505937,-811.1919211517812,1054,4290,45048.954753411046
16,-235.4132858084951,-706.2398574254853,838,2645,45566.98069665917
17,-260.2384480172107,-780.7153440516322,1095,4422,45188.936212525565
18,-256.7573623684428,-770.2720871053284,1008,4010,44756.57890045718
19,-267.3174961776724,-801.9524885330172,928,3419,45175.83675185858
20,-138.48379771784232,-415.45139315352696,602,1033,47464.39230550771
21,-261.42416925422486,-784.2725077626746,888,3122,45278.70903316662
22,-230.26171627395192,-690.7851488218557,944,3500,44460.51164495603
23,-259.0988719968948,-777.2966159906844,953,3693,44831.28971706149
24,-268.6657373145909,-805.9972119437728,1005,4072,44946.40059163764
25,-205.36762921590636,-616.1028876477191,698,1922,45976.33782192104
26,-252.7360623881742,-758.2081871645225,983,3721,45301.78073329682
27,-253.73791786647382,-761.2137535994215,1019,3773,44575.446935446715
28,-249.7047426079781,-749.1142278239342,902,3174,45439.37000291727
29,-211.81657661362377,-635.4497298408713,751,2437,44786.396513680345
30,-174.6535465546383,-523.9606396639149,684,1842,46541.66945744156
31,-270.4502536660692,-811.3507609982076,1123,4593,45625.357660716436
32,-173.00767075598594,-519.0230122679578,597,1058,46578.59208830943
33,-271.58754639886433,-814.762639196593,865,3285,44645.44883230797
34,-148.09722952728524,-444.2916885818557,699,1698,46810.79155231099
35,-222.56100104685467,-667.683003140564,824,2785,45204.096307076004
36,-297.9663855482498,-893.8991566447494,1115,4481,45735.77105621745
37,-197.5143519370746,-592.5430558112238,728,2316,45259.82831926353
38,-270.76460635853226,-812.2938190755968,1072,4305,45626.1481327594
39,-256.0992257060489,-768.2976771181468,1178,4825,45408.424515287115
40,-271.87679159614396,-815.6303747884319,1129,4881,45118.322612096126
41,-245.14194673134935,-735.4258401940481,963,3504,45329.15701300012
42,-214.45422711380218,-643.3626813414065,958,3418,45748.97040101565
43,-274.84925863627865,-824.547775908836,1124,4548,45886.041221080646
44,-222.9267276860244,-668.7801830580732,889,3013,45465.6318485057
45,-220.0056466682394,-660.0169400047182,791,2427,45699.97161012421
46,-248.7032679319681,-746.1098037959043,1041,3846,45755.95146368349
47,-256.5407018101266,-769.6221054303799,1039,4121,44552.325517607016
48,-294.1392426788013,-882.4177280364038,1087,4466,45658.78955328828
49,-222.28249924291677,-666.8474977287503,893,3190,45592.106312173724
50,-240.87652588313563,-722.6295776494069,1163,4662,45491.83486108218
51,-235.68745798045617,-707.0623739413685,871,2977,44542.79210030507
52,-247.89353075017573,-743.6805922505272,968,3711,44931.41811806503
53,-269.92443516939665,-809.7733055081899,1078,4197,44712.92715151585
54,-222.24184899255363,-666.7255469776609,753,2581,45099.25845527846
55,-249.1472140999314,-747.4416422997942,1062,4335,45069.28500042018
56,-272.3051306932808,-816.9153920798424,1188,4961,46582.82112699225
57,-168.3486302642996,-505.04589079289883,666,1384,45577.96920109759
58,-237.17578218269355,-711.5273465480807,965,3477,45248.4009446116
59,-198.76817248371302,-596.3045174511391,774,2443,45176.13532760676
60,-274.4935139727522,-823.4805419182567,1058,4240,45084.89782992715
61,-233.5961720218955,-700.7885160656865,1039,4101,44955.57260222973
62,-172.60590328157878,-517.8177098447363,758,2349,44628.390271449505
63,-255.07080156092977,-765.2124046827893,1074,4493,45081.81085865448
64,-204.76659066435707,-614.2997719930712,793,2773,43992.029728498615
65,-287.24925878324535,-861.7477763497361,1024,4160,44963.081103154866
66,-166.42668138162816,-499.28004414488447,610,1478,45622.834463482424
67,-257.7270341306542,-773.1811023919626,1048,3929,45801.23541466477
68,-177.3499540945437,-532.0498622836311,657,1679,44989.8630763522
69,-249.45454946730365,-748.363648401911,958,3620,45356.65115496509
70,-226.2274314685452,-678.6822944056356,804,2727,44827.47794925616
71,-265.65324534976907,-796.9597360493073,1205,5009,45094.8278887265
72,-257.16141271954376,-771.4842381586313,978,3607,45220.47231274814
73,-177.4609630700941,-532.3828892102823,746,2239,46520.200673076484
74,-240.53419025262858,-721.6025707578857,1047,4316,45444.968780637966
75,-177.34571411459697,-532.037142343791,731,2075,46667.08743959561
76,-261.8616916819568,-785.5850750458704,925,3554,45134.6680751658
77,-194.27726154300672,-582.8317846290201,724,2190,45497.76049930504
78,-236.95652288360793,-710.8695686508238,920,3286,44701.652918885986
79,-261.46777438444275,-784.4033231533282,1092,4477,45792.12428403272
80,-252.36403470763602,-757.092104122908,983,3723,45382.698839540004
81,-144.9260579360147,-434.77817380804413,546,929,46743.58576104286
82,-147.9901508554092,-443.97045256622766,584,1126,45193.3435465393
83,-201.24704252887855,-603.7411275866357,720,2134,46439.17571973519
84,-271.13294362020775,-813.3988308606233,1117,4399,45531.01794177877
85,-271.2920156342311,-813.8760469026934,1052,4163,45291.67104543231
86,-255.58703590537732,-766.761107716132,860,2936,45080.55082474764
87,-182.33008420018726,-546.9902526005618,795,2582,44720.50952221245
88,-89.53836964372668,-268.61510893118003,548,768,47565.91196135556
89,-237.16008515284602,-711.4802554585381,1012,3736,45525.574251964455
90,-229.53594752633725,-688.6078425790117,892,3208,45532.71387798367
91,-271.89379248673316,-815.6813774601994,1002,3890,45011.93260736274
92,-229.34107914966194,-688.0232374489858,804,2751,45352.210531817276
93,-207.18012251423906,-621.5403675427171,944,3364,45789.015955454466
94,-221.93839045593145,-665.8151713677944,1026,4047,45322.65560304539
95,-215.8116815417114,-647.4350446251342,791,2536,45947.49430304105
96,-247.3382544430664,-742.0147633291992,891,3288,45362.35171133403
97,-217.4141015352944,-652.2423046058832,982,3665,45205.894867783536
98,-155.29900360465248,-465.8970108139574,564,1045,45685.91065002041
99,-222.75423943719258,-668.2627183115777,959,3495,45636.75006857249
100,-186.46394417645138,-559.3918325293541,934,3386,45560.724941057655
101,-193.2398344244656,-579.7195032733969,822,2654,46258.408072946295
102,-233.7554125436086,-701.2662376308258,865,3073,45255.45801688801
103,-249.16772850412386,-747.5031855123716,1107,4580,45755.45651325375
104,-156.48909111414653,-469.4672733424396,590,1294,44879.199485245146
105,-253.55137964505047,-760.6541389351514,991,3664,45682.49929169972
106,-234.46437616219848,-703.3931284865954,1021,4065,45077.96465152697
107,-219.53749207540375,-658.6124762262112,797,2676,45390.47063017824
108,-152.4888069066399,-457.4664207199197,661,1623,46266.23219118107
109,-203.03876210250723,-609.1162863075217,868,2896,45665.06641391783
110,-233.78036641625522,-701.3410992487657,1086,4138,45177.590586984916
111,-212.06148683365583,-636.1844605009675,804,2768,45492.9875758905
112,-238.44653816836913,-715.3396145051074,1154,4589,45903.04213136883
113,-158.9085807573534,-476.7257422720602,676,1726,45156.575050541214
114,-155.09239550916425,-465.27718652749274,651,1557,46155.48796995622
115,-236.88287866509984,-710.6486359952995,1003,3726,45319.66599582241
116,-128.80298477036044,-386.4089543110813,760,2161,46481.473430770726
117,-236.27202302810636,-708.8160690843191,952,3591,45061.74739216587
118,-221.08617700258148,-663.2585310077444,901,3420,45536.87604097503
119,-200.8781667224206,-602.6345001672618,839,2748,45886.905909431676
120,-136.64638111655353,-409.9391433496606,621,1204,46935.041646962054
121,-267.79141494188434,-803.374244825653,1102,4427,46086.337024620356
122,-225.43220358581388,-676.2966107574416,939,3303,45590.09673075774
123,-206.62633122893726,-619.8789936868118,1049,3873,45542.375305160676
124,-240.75128045783308,-722.2538413734992,1046,4070,45693.97435402826
125,-192.36717079678934,-577.101512390368,766,2610,45733.21463887121
126,-212.66244028471567,-637.987320854147,757,2497,44683.22376438237
127,-215.71012908000296,-647.1303872400089,829,2505,46425.69947077958
128,-235.71537544329308,-707.1461263298793,904,3288,45234.14399582322
129,-224.3544979158573,-673.0634937475719,872,3040,45153.075226321715
130,-205.98983975225124,-617.9695192567538,778,2303,46459.564093458735
131,-130.15525972185955,-390.4657791655786,614,1472,46442.2680633251
132,-191.03775322925432,-573.1132596877629,723,2080,45767.81180180266
133,-211.5766485875307,-634.7299457625921,958,3621,45522.57847962121
134,-220.7524859933812,-662.2574579801436,893,3103,46586.63958002896
135,-208.48575570609194,-625.4572671182758,1010,3820,45732.156439807826
136,-226.8181359293507,-680.4544077880521,922,3418,45531.054671175305
137,-108.95253568638049,-326.85760705914146,582,926,46769.88658339603
138,-232.61245763246816,-697.8373728974045,1019,3802,45376.504792506705
139,-180.79952472078875,-542.3985741623662,697,1974,45562.56034527459
140,-104.33990973326962,-313.01972919980886,564,843,46940.83856906336
141,-151.32403334010567,-453.97210002031704,713,1793,46206.01940531849
142,-211.9085269282598,-635.7255807847794,817,2665,45702.52309957809
143,-229.8395981928179,-689.5187945784537,884,3312,44861.74100429241
144,-139.15472685435773,-417.4641805630732,639,1193,47261.91256997806
145,-216.68783662540974,-650.0635098762292,764,2336,45770.489001573944
146,-156.5263159068467,-469.57894772054004,647,1456,45564.83477849381
147,-103.57052172354507,-310.7115651706352,689,1660,46259.485143754064
148,-184.05497949992898,-552.1649384997869,774,2217,46067.981692644214
149,-115.79594270747208,-347.38782812241624,545,864,46807.56977105506
150,-162.03993414465964,-486.1198024339789,740,2156,45779.33998712581
151,-232.87267378544993,-698.6180213563498,915,3197,46290.4698536165
152,-132.4966099552569,-397.48982986577073,659,1360,46308.130685838994
153,-104.37403539809179,-313.1221061942754,615,1090,47350.049311783856
154,-156.27882103599666,-468.83646310798997,618,1509,44433.39032863158
155,-191.62474208931903,-574.874226267957,743,2244,45458.13298317453
156,-200.8213554531029,-602.4640663593087,772,2450,45095.17943381371
157,-83.9252263178448,-251.77567895353442,582,751,48085.95882701632
158,-213.55167114451444,-640.6550134335433,793,2417,46016.38637497991
159,-111.0808693023536,-333.2426079070608,550,707,45646.872996962826
160,-146.0336922658,-438.10107679739997,720,1855,45879.57556026657
161,-209.04890462648416,-627.1467138794525,753,2481,45410.11104217778
162,-173.26079106919534,-519.782373207586,626,1411,46315.23369824684
163,-108.89066015967786,-326.6719804790336,599,1016,47048.82215227538
164,-135.43614515724627,-406.3084354717388,659,1242,46754.41288874381
165,-79.18917735279219,-237.56753205837657,559,592,47295.76273536069
166,-184.2264985194776,-552.6794955584328,711,1797,46014.849584441174
167,-137.32333780779177,-411.9700134233753,643,1540,45515.3278648516
168,-144.36665386093284,-433.0999615827985,688,1728,46405.30408334052
169,-174.40660156813576,-523.2198047044072,806,2514,46220.2636860174
170,-229.32312650407425,-687.9693795122228,881,3190,45430.05392955808
171,-106.99155418956366,-320.974662568691,651,1184,46754.228162614156
172,-222.25409567759903,-666.7622870327971,869,2972,46084.07210318813
173,-133.40796891688805,-400.2239067506642,567,801,46846.42182066905
174,-81.53536560797095,-244.60609682391282,554,705,47115.75476785288
175,-169.90153974903842,-509.70461924711526,735,2220,46189.1750436794
176,-93.81292436651769,-281.4387730995531,535,591,47032.601390111464
177,-112.38813255186567,-337.164397655597,565,700,48000.39093023534
178,-176.27510888482814,-528.8253266544845,836,2591,46159.335486008335
179,-129.52568575196486,-388.5770572558946,540,943,44336.55482022376
180,-139.97328603594886,-419.91985810784655,642,1526,46081.634896553216
181,-127.69283781930194,-383.07851345790584,592,890,46948.93350215042
182,-47.54072956183916,-142.62218868551747,552,619,47439.70042813528
183,-147.58878443266752,-442.76635329800257,823,2489,45446.07994128401
184,-59.02810676099526,-177.08432028298577,525,685,46385.6123225537
185,-132.93947133812225,-398.81841401436674,614,1494,43472.81145197888
186,-199.37093227864852,-598.1127968359456,708,2082,46309.888725272474
187,-109.70844604969328,-329.1253381490798,505,814,45017.367752875754
188,-48.35367580295244,-145.0610274088573,519,650,46095.714682466096
189,-113.9605164648973,-341.8815493946919,705,1652,47325.36856479462
190,-95.19140394928284,-285.5742118478485,539,623,46860.5488843406
191,-79.3122706776991,-237.9368120330973,484,635,47320.03430392792
192,-91.55703666816703,-274.6711100045011,544,556,46806.14508301519
193,-41.95982301441551,-125.87946904324653,513,633,46526.7563182694
194,-222.78342223573122,-668.3502667071937,936,3328,45407.36034253535
195,-104.85487474492503,-314.56462423477507,533,848,46010.16400655429
196,-65.43815598394373,-196.3144679518312,541,495,46902.029981563726
197,-107.8923344464913,-323.6770033394739,676,1535,46658.778104530975
198,-116.28966076204237,-348.8689822861271,662,1959,44720.18844621839
199,-73.45686534159921,-220.37059602479763,565,691,47489.219599557524
200,-178.667740377,-536.003221131,871,3021,45474.53959453768
201,-47.86858726813901,-143.60576180441703,603,932,47764.78204114659
202,-58.22294543042898,-174.66883629128694,533,581,46319.37467988947
203,-164.7015196557558,-494.10455896726734,762,2475,45367.4332154182
204,-111.95904361061555,-335.87713083184667,675,1451,47146.00365625968
205,-140.1593625735084,-420.4780877205252,540,945,45046.181016439965
206,-149.130880162988,-447.39264048896405,666,1365,47087.29105970473
207,-145.06514490661345,-435.19543471984036,699,1899,45011.42570558613
208,-48.599345162490486,-145.79803548747145,572,562,48035.600192249934
209,-144.7461447571396,-434.2384342714188,616,1372,46509.80687714474
210,-151.52744342749858,-454.5823302824957,699,2022,45878.78757610826
211,-38.08997047907067,-114.26991143721202,535,566,46926.27036143822
212,-67.21933040447927,-201.6579912134378,602,717,48050.82588412687
213,-188.75598738688666,-566.26796216066,707,1976,44964.50433212438
214,-27.7641268418059,-83.2923805254177,557,730,46482.43339712781
215,-102.47814531053915,-307.43443593161743,616,1144,45716.27736154992
216,-82.55340046919548,-247.66020140758644,637,1108,47684.41769732494
217,-81.83536605503174,-245.50609816509524,518,517,47526.43565263747
218,-43.20562356890798,-129.61687070672394,599,671,48649.15582856738
219,-39.30914463524416,-117.92743390573247,572,853,47164.9663599541
220,-43.52442564734927,-130.5732769420478,509,582,46543.21326331535
221,-98.5571172784595,-295.6713518353785,561,1107,44044.28036509097
222,-94.85676836285297,-284.57030508855894,592,785,48266.71904659598
223,-50.13746017767019,-150.41238053301058,593,744,47772.597178262404
224,-171.61061584921376,-514.8318475476412,972,3547,45346.9484210939
225,-122.24704022752205,-366.74112068256613,726,2022,45875.7500336409
226,-91.48070358888401,-274.44211076665204,576,584,47976.94422733838
227,-80.15656892678136,-240.4697067803441,577,902,46641.81417775114
228,-99.36462583443377,-298.0938775033013,625,1398,46034.023986917084
229,-50.25115962288015,-150.75347886864046,572,615,47933.99057761495
230,-57.573937962972074,-172.72181388891622,565,756,46264.728340818445
231,-66.57476328657705,-199.72428985973116,547,640,48239.56366302307
232,-162.56085388381362,-487.6825616514409,816,2672,45538.13340713296
233,-57.50633183328094,-172.51899549984282,533,568,46957.56714069963
234,-68.61998819940129,-205.85996459820387,566,806,46808.18534537761
235,-88.44674301369069,-265.34022904107206,554,649,47015.84747003641
236,-59.14047283003753,-177.4214184901126,565,972,45752.890162774245
237,-91.07344269573821,-273.2203280872146,582,502,48023.73801177454
238,-77.36071173886997,-232.0821352166099,516,648,45843.78251967405
239,-95.59815682075224,-286.7944704622567,520,812,46275.3131062265
240,-158.7227818627637,-476.1683455882911,716,2087,45384.5538741993
241,-106.56844812938556,-319.7053443881567,628,1299,45145.090682917966
242,-106.56651313072565,-319.699539392177,566,664,47915.16227697017
243,-149.45724112446183,-448.3717233733855,584,1339,43149.12273940211
244,-87.55492734567758,-262.66478203703275,517,584,47586.90285309815
245,-50.01102214352761,-150.03306643058283,546,447,48093.70608219038
246,-17.615305648771272,-52.845916946313814,571,563,47864.01851750188
247,-70.11808599983293,-210.35425799949877,466,623,44558.685138272456
248,-60.49225252827316,-181.4767575848195,550,527,47791.8167170598
249,-37.58479913106792,-112.75439739320375,527,555,46557.702575929296
250,-108.27826231818035,-324.8347869545411,487,660,43955.07912591863
251,-25.810899082873153,-77.43269724861946,537,333,48701.41034187979
252,-62.74671692771553,-188.2401507831466,562,683,47548.30618984502
253,-55.955558407226874,-167.86667522168062,504,390,47643.30614435034
254,-99.65420702359518,-298.96262107078553,457,577,44247.564390630745
255,-41.53153742070429,-124.59461226211288,616,944,47210.07662818677
256,-142.5873088444446,-427.76192653333385,627,1548,45278.97158061977
257,-83.61834883826079,-250.85504651478237,572,628,47957.63616856666
258,-78.30424055298293,-234.9127216589488,565,626,47661.84095601164
259,-74.38618680666816,-223.15856042000448,601,1098,47272.583704298966
260,-76.33309898842133,-228.99929696526397,567,510,48392.009849405884
261,-88.05346179385269,-264.16038538155806,521,446,47982.635671977136
262,-45.19466915098128,-135.58400745294384,560,499,48273.65318049631
263,-67.05464995723446,-201.16394987170338,459,513,44295.948369057885
264,-130.06188557698,-390.18565673093997,761,2185,45663.55455973193
265,-76.73183820073925,-230.19551460221774,563,526,48965.8563227512
266,-134.62809508547335,-403.88428525642,505,726,43990.830283013835
267,-88.79559595112806,-266.3867878533842,583,532,48414.73561046268
268,-63.05361055623064,-189.1608316686919,534,462,47868.21340446728
269,-74.56276724068164,-223.6883017220449,553,590,48135.49106639893
270,-60.19096386344779,-180.57289159034337,609,1194,47054.76256516422
271,-137.02802018265746,-411.08406054797234,642,1471,46238.52691526199
272,-77.50602256708237,-232.5180677012471,560,671,47874.15555168765
273,-79.83725652524411,-239.51176957573233,613,948,47995.53704254485
274,-65.14618605102352,-195.43855815307057,557,747,46646.28452124081
275,-38.55402961999307,-115.6620888599792,560,357,48893.78835160884
276,-36.02830109276373,-108.0849032782912,560,750,46840.879347392
277,-38.26566342647566,-114.79699027942699,553,348,48879.32847627382
278,-59.994505523979704,-179.9835165719391,600,1024,47316.59182013045
279,-60.53954835553915,-181.61864506661743,582,528,48797.68392156933
280,-65.72497549249051,-197.17492647747156,575,861,47577.70880913233
281,-103.03946751261891,-309.11840253785675,643,1419,46146.109086823
282,-63.20227997424257,-189.60683992272772,582,1078,46188.50271539811
283,-49.68050592786856,-149.04151778360568,540,561,47837.89988541629
284,-69.40722529255989,-208.22167587767967,565,619,48600.841076430625
285,-47.32113973856198,-141.96341921568595,633,927,47705.842534214484
286,-69.08237007479887,-207.24711022439664,609,600,48145.51713384214
287,-154.89917076449575,-464.69751229348725,749,2329,45948.81978300241
288,-78.84957774528532,-236.54873323585593,606,955,46799.48933719762
289,-85.66791362064994,-257.00374086194984,567,610,48377.801191354854
290,-75.09021657356924,-225.2706497207077,584,875,46393.89933034947
291,-48.79914648583179,-146.39743945749538,575,571,48155.32982589694
292,-113.59205082096315,-340.77615246288946,614,819,47504.904688635856
293,-86.66257932654072,-259.9877379796222,580,674,47658.05868382203
294,-79.7738593432311,-239.32157802969328,597,814,47342.48687136242
295,-71.10853061750068,-213.32559185250201,638,1273,46600.692771656504
296,-47.6251001039368,-142.8753003118104,590,673,48565.838920148686
297,-61.33392815103312,-184.00178445309936,595,751,48584.470916958344
298,-33.117067241775956,-99.35120172532787,583,406,48885.48048147936
299,-116.98307522743507,-350.9492256823052,617,594,48455.93366440764
300,-85.02517994319429,-255.07553982958285,586,673,47703.0461929224
301,-128.26050590677406,-384.7815177203222,664,1753,46192.848244828674
302,-89.89487579968123,-269.6846273990437,616,1192,46391.01203938996
303,-50.68501543214321,-152.05504629642962,579,427,48949.488355786685
304,-47.149158591728565,-141.4474757751857,612,919,47404.48548071038
305,-93.01305684942618,-279.03917054827855,629,1421,45964.06706326067
306,-16.918420052261002,-50.755260156783,591,507,48600.93467020433
307,-39.06403226200382,-117.19209678601146,592,719,47724.95873729486
308,-76.8182621278648,-230.4547863835944,671,1659,46532.740251473464
309,-81.73251377611074,-245.1975413283322,586,892,46461.30065427714
310,-41.87359391465902,-125.62078174397706,565,654,47886.840706446004
311,-68.07068412158128,-204.21205236474384,593,824,46447.79589163527
312,-63.139760202559124,-189.41928060767736,594,887,47331.71361530812
313,-50.77343620814367,-152.32030862443102,574,482,48731.746702711745
314,-105.2347832528438,-315.7043497585314,613,1294,45571.746689170766
315,-36.96071484214841,-110.88214452644524,631,1007,48144.92175377675
316,-51.53238113965503,-154.5971434189651,555,540,48076.137737129095
317,-46.86348607519312,-140.59045822557937,605,1103,47527.58242936116
318,-33.29485788051093,-99.8845736415328,603,486,48681.12554021346
319,-58.490900182931775,-175.47270054879533,561,767,47464.418476819636
320,-92.14201828649215,-276.42605485947644,637,1263,46974.865860704354
321,-84.51780427840787,-253.55341283522358,626,748,48259.663656730394
322,-136.40198906811287,-409.2059672043386,698,2042,44942.93206897926
323,-61.6469276651986,-184.94078299559578,597,322,49173.184387737245
324,-54.59460430527406,-163.78381291582218,558,666,47149.38509201693
325,-53.428972176729026,-160.28691653018709,612,891,47197.54735666555
326,-40.5335657635976,-121.6006972907928,571,472,48573.55820648457
327,-78.4015627873688,-235.20468836210642,572,684,47234.82727718871
328,-53.11763302795648,-159.35289908386943,547,479,48568.52336040175
329,-57.83278412770645,-173.49835238311934,596,1155,45354.260885806725
330,-76.18695427116154,-228.56086281348462,570,773,46901.77969673259
331,-65.53089991318588,-196.59269973955764,571,459,48506.36728595049
332,-52.22161326870323,-156.66483980610968,577,585,47512.206115124965
333,-7.472261641775158,-22.416784925325473,555,464,48349.81702058054
334,-42.796181587435406,-128.38854476230622,593,1040,46494.91059132122
335,-63.657284584816445,-190.97185375444934,597,637,48571.50121568225
336,-51.27111562553259,-153.81334687659776,601,392,49061.79084719064
337,-79.26509026221233,-237.795270786637,590,605,48514.45632956853
338,-57.11096118698518,-171.33288356095554,623,788,48166.81895789406
339,-45.48189228303761,-136.44567684911283,586,562,48664.926861608954
340,-59.79222633591885,-179.37667900775654,635,1079,47755.51077699675
341,-25.617939703776567,-76.8538191113297,554,532,47838.21983016533
342,-30.267000399630728,-90.80100119889218,564,436,48635.786651884
343,-19.329708934547504,-57.98912680364251,582,381,49224.63980797933
344,-74.70154268559175,-224.10462805677525,568,427,48435.56219740366
345,-72.95510677502824,-218.86532032508472,580,462,49188.564985301855
346,-31.686294608862102,-95.05888382658631,604,484,48751.356556995466
347,-55.10062583410582,-165.30187750231747,567,412,48942.88538101657
348,-24.110174768589804,-72.33052430576942,608,863,48041.223874631396
349,-52.47989487967758,-157.43968463903275,611,595,48523.56683842444
350,-22.387617687996514,-67.16285306398954,562,360,48926.51914518501
351,-9.415942108826714,-28.24782632648014,560,548,47595.2965697964
352,-67.74565585347135,-203.23696756041403,562,569,48086.37892777486
353,-23.870778480580082,-71.61233544174024,598,245,49450.88055746008
354,-27.045037792690106,-81.13511337807032,574,602,48763.59320315342
355,-25.328196361545068,-75.9845890846352,581,571,48222.885499695796
356,-64.7663701080704,-194.2991103242112,697,1730,46589.27776351457
357,-23.12470207544771,-69.37410622634313,575,488,48003.2759332994
358,-40.19460187091921,-120.58380561275763,624,534,49116.600115107954
359,-45.111236674788664,-135.33371002436598,605,886,46601.49715265576
360,-60.671680613801556,-182.01504184140467,631,782,48017.01231259397
361,13.089630762554643,39.26889228766393,576,413,48656.77210074905
362,-20.048179234315196,-60.14453770294559,644,995,48285.40244340123
363,-14.388185606279897,-43.16455681883969,591,383,49229.57379333019
364,-53.97615262549076,-161.9284578764723,587,424,48601.20356095274
365,-44.286042052636105,-132.85812615790832,593,527,48043.960936565025
366,-16.747411915024056,-50.24223574507217,605,631,48634.98750156058
367,-35.30476754487883,-105.91430263463648,663,1084,47571.20772732668
368,-6.8673838936950204,-20.60215168108506,581,479,48382.660297808165
369,-43.072881625694556,-129.21864487708368,572,288,49442.49271394942
370,-30.366928398116062,-91.10078519434819,583,440,48865.445139502255
371,-40.68217070240068,-122.04651210720205,584,537,47755.10527806835
372,-49.96567141583265,-149.89701424749796,610,669,48709.209176759054
373,-43.489581199346695,-130.46874359804008,546,392,48730.168213961384
374,-12.272958878759482,-36.818876636278446,629,595,48840.28864568446
375,-19.65893963836584,-58.976818915097525,572,544,48623.01725236688
376,5.21527295479449,15.645818864383472,559,488,48774.4457042219
377,-65.10071932814819,-195.30215798444456,626,937,46913.402378253966
378,-31.423711144756936,-94.27113343427081,639,530,48848.95690813779
379,-28.85862206005434,-86.57586618016302,607,538,48734.42410115842
380,-15.937446098288985,-47.812338294866954,593,359,49185.62656619748
381,-28.245731698585768,-84.7371950957573,587,542,48550.13525086938
382,-36.247281259852,-108.741843779556,645,836,47941.16062170216
383,-53.578154749221596,-160.7344642476648,561,530,48021.180357209334
384,-39.16860461403626,-117.50581384210878,552,282,49122.73544458797
385,-2.997313387490324,-8.991940162470971,587,551,48354.384224234556
386,-1.270197884752914,-3.810593654258742,587,508,48950.798978350904
387,-24.768852203907617,-74.30655661172285,601,477,48918.61172108317
388,-59.63607651792864,-178.90822955378593,610,512,49112.16197793724
389,-14.244943383317704,-42.73483014995311,573,383,48701.24206972916
390,-71.83703666883176,-215.51111000649527,654,674,49048.26317041247
391,-65.38963714123604,-196.1689114237081,596,449,49036.7603098371
392,-21.49735968414437,-64.49207905243311,604,477,49058.09346295234
393,-24.094446345808446,-72.28333903742534,635,691,48701.12132099054
394,-34.22255302745202,-102.66765908235607,624,779,48553.657136865855
395,-37.26353613661988,-111.79060840985963,562,428,48906.33118265057
396,-18.64461861294723,-55.93385583884169,632,925,47426.74180911242
397,-17.14716728155518,-51.44150184466554,579,447,48609.98446126721
398,-46.33581073535697,-139.00743220607092,607,619,48687.32120775709
399,-31.62608148413081,-94.87824445239244,566,364,48924.89348580416
400,-46.48050246613017,-139.4415073983905,632,911,47895.52436961633
401,-36.40398341161476,-109.21195023484428,599,547,48758.72114234871
402,-46.211364920288624,-138.63409476086588,590,406,48927.97097969244
403,-35.40699236482721,-106.22097709448164,604,646,48471.006501110816
404,-46.84820751009073,-140.5446225302722,572,360,48980.04592584964
405,-18.125679089886606,-54.377037269659816,555,339,48908.153838921105
406,-33.33372599325249,-100.00117797975749,628,561,48789.9898333159
407,-48.96716712503522,-146.90150137510565,579,506,47976.62163537263
408,-11.990135696187195,-35.970407088561586,594,404,48911.50787410924
409,-28.493865567377085,-85.48159670213126,609,763,48474.58568072431
410,-60.71488920642409,-182.14466761927227,690,1657,46454.52005481774
411,-51.96238231680608,-155.88714695041824,631,630,48823.40917875464
412,-51.22662339900992,-153.67987019702974,667,1310,47430.284233465914
413,-12.28730652847693,-36.86191958543079,604,741,48382.492176496584
414,-23.12304502365528,-69.36913507096584,589,324,49100.78586508464
415,-40.80946489102264,-122.42839467306793,657,845,48600.85733764257
416,-19.14466919963608,-57.43400759890824,609,795,48589.659262400746
417,-9.735225847203516,-29.205677541610548,610,908,48000.97203137611
418,-64.095454517969,-192.28636355390702,581,529,48419.05427529662
419,13.505342613795769,40.516027841387306,561,366,49017.17664525708
420,-35.56980335352035,-106.70941006056104,598,628,48525.291107577104
421,-23.13656931443819,-69.40970794331457,605,368,49191.300246170504
422,-28.93151265680503,-86.79453797041509,578,525,48098.84105173446
423,-25.27169932604826,-75.81509797814478,656,918,48488.604411405526
424,-39.2504957366258,-117.7514872098774,625,676,48987.19285414331
425,-31.693376422789214,-95.08012926836764,605,415,49386.84680196634
426,-43.43936035871193,-130.3180810761358,637,1005,47273.953929817006
427,-8.922835168861573,-26.76850550658472,582,476,49042.234492621435
428,-54.13400756143511,-162.40202268430534,626,772,47574.74640670179
429,-16.68589166333544,-50.05767499000632,646,1014,47709.7746659353
430,-31.770629708248098,-95.3118891247443,655,1007,47982.40903968666
431,-26.875085084067223,-80.62525525220167,595,482,49042.849962480446
432,-11.469456643126657,-34.40836992937997,590,477,49002.94694054455
433,-2.88589902529178,-8.65769707587534,587,520,48464.45372736274
434,-8.90817488818905,-26.72452466456715,588,468,49024.43881126432
435,-8.412376147039646,-25.237128441118937,590,586,48356.04910295466
436,-59.00133853374323,-177.0040156012297,598,432,49176.701125881846
437,1.9812391127515703,5.943717338254711,587,440,48806.947261541674
438,-39.27152827578236,-117.81458482734708,574,330,49129.69712297846
439,-18.827313587643896,-56.48194076293169,587,439,48819.01570765579
440,6.608782965798366,19.8263488973951,566,369,49021.91486535021
441,-14.164267432518399,-42.492802297555194,613,553,48554.97676238837
442,-24.089101836630608,-72.26730550989183,629,582,48507.35106400569
443,-15.358131959113152,-46.074395877339455,599,528,48665.803058446094
444,-11.365829936340939,-34.09748980902282,601,559,48733.80033903593
445,-23.344325603526414,-70.03297681057924,628,614,48731.002663074556
446,-32.10594550564935,-96.31783651694806,608,522,48930.99880872688
447,7.689387626309311,23.068162878927932,615,551,48581.337929586705
448,-25.184861167937637,-75.5545835038129,629,710,48035.35127554967
449,-31.129130406966677,-93.38739122090003,588,544,48623.010253115535
450,18.445021066072353,55.33506319821706,563,431,48683.84317041642
451,-1.3666807746385807,-4.100042323915742,595,580,48485.59057030498
452,-29.857032732171234,-89.5710981965137,637,790,48570.68632847455
453,-15.085181174656261,-45.25554352396878,676,1145,48316.92048227094
454,21.25322824460773,63.75968473382319,575,503,48638.697370683905
455,-95.58539315104606,-286.7561794531382,672,1504,46140.75068283267
456,-2.410740761508476,-7.232222284525428,578,383,48903.33771841248
457,-2.82708328819221,-8.48124986457663,611,690,47892.27698026738
458,-13.190848197127579,-39.57254459138274,641,911,47934.23474132503
459,-47.8584433893463,-143.5753301680389,690,1410,46738.802613379754
460,-18.854021236213462,-56.56206370864039,597,641,48159.09921474571
461,6.997674404486209,20.993023213458628,594,423,48952.81873749038
462,-33.574456695224306,-100.72337008567291,594,1022,45931.52844263645
463,13.853841670183769,41.56152501055131,581,521,48595.376345220975
464,-37.06502865105892,-111.19508595317674,631,728,47722.72074605779
465,-5.555465762801539,-16.666397288404617,583,511,48539.932894509984
466,11.630959715182437,34.89287914554731,575,389,48728.20496077274
467,-37.153362976596945,-111.46008892979083,580,385,48943.6905648936
468,7.1196722402360235,21.35901672070807,560,414,48633.089422270314
469,11.546531471629976,34.63959441488993,574,525,48201.50239987038
470,-54.83985643706874,-164.51956931120623,606,757,47624.693763011535
471,-34.100035541446296,-102.3001066243389,627,637,48161.88913703169
472,-60.70887843246783,-182.12663529740348,657,1056,48184.16585059738
473,-4.882277764100697,-14.646833292302091,577,565,47343.41365345669
474,-4.252077732151616,-12.756233196454847,581,329,49317.53207858717
475,-14.131141359136128,-42.39342407740838,612,619,47893.623020566054
476,20.19841158145819,60.595234744374565,599,458,48511.80354657255
477,6.162756091163665,18.488268273490995,581,394,49049.92088231669
478,4.1399377840159906,12.419813352047973,586,403,48830.97753973225
479,19.03042488522006,57.091274655660186,593,508,48326.80284007755
480,21.823626434971942,65.47087930491583,617,546,48469.27916263293
481,-28.482287716195515,-85.44686314858654,616,1037,47049.14860329994
482,-73.77082015574068,-221.31246046722202,600,988,46415.98982536755
483,-65.291168611023,-195.87350583306898,624,654,48140.077651073574
484,-9.189487689393156,-27.568463068179465,649,829,47717.72216819016
485,-66.87237677663423,-200.6171303299027,650,1415,46698.93784122232
486,-28.46699635563815,-85.40098906691445,591,904,46570.70071726721
487,-16.663138967696213,-49.98941690308864,608,915,46968.01074762143
488,-24.132253040667063,-72.39675912200119,601,811,47573.807049793475
489,-37.1294217570888,-111.38826527126639,621,866,47280.13437539646
490,-58.48286938279258,-175.44860814837773,632,951,47711.92431117977
491,-78.6655648483695,-235.99669454510848,673,1304,47056.81350706105
492,23.58423440160233,70.75270320480699,628,541,49030.80488409924
493,-105.69108043788128,-317.07324131364385,726,2017,45751.54362906292
494,4.451282559993307,13.353847679979921,611,857,47344.28144694746
495,13.779198916693176,41.33759675007953,576,327,49041.832366979615
496,-0.8768703528451264,-2.6306110585353792,641,877,48218.05823780177
497,-16.024270513779896,-48.07281154133969,602,510,48375.7948154095
498,-26.80835051567949,-80.42505154703846,580,397,49283.83384804045
499,-20.60964748081526,-61.82894244244578,616,796,47491.02687403718
500,10.170221092366585,30.510663277099756,613,550,48290.01265454135
501,-20.878653854671747,-62.63596156401524,595,575,48455.89901855991
502,-77.01841728498209,-231.05525185494628,629,1122,48038.560755200466
503,-13.314399670277119,-39.94319901083136,604,692,48373.49780787994
504,-61.091248610411235,-183.2737458312337,646,1343,45876.266499666366
505,-32.540264303827605,-97.62079291148282,600,473,48452.15121909298
506,17.94605913555504,53.83817740666512,604,476,48931.56907664743
507,-4.616423362533657,-13.84927008760097,611,451,48663.16023782001
508,-60.900096375839006,-182.700289127517,620,891,47812.48478813935
509,-42.239740969060726,-126.71922290718217,689,1517,47339.712821800225
510,-25.900137124593073,-77.70041137377922,618,643,48064.53121122637
511,-48.93403029663758,-146.80209088991273,608,564,48987.23645162704
512,-25.96517786011779,-77.89553358035337,649,619,49034.64487972676
513,-29.08786970024421,-87.26360910073262,582,327,49235.76359694764
514,-4.4573664329375005,-13.3720992988125,573,453,48723.28815809509
515,-39.974164158304454,-119.92249247491335,596,671,48172.044860825416
516,-13.563643848692239,-40.69093154607672,626,632,48589.06816021887
517,-46.805610664020996,-140.41683199206298,593,624,48185.97460939302
518,-55.57813201254756,-166.73439603764268,659,1452,46568.67994579739
519,5.949022240567355,17.847066721702063,574,388,48879.89679050704
520,-7.608507750505946,-22.825523251517836,617,662,47865.51740349389
521,34.17425200498548,102.52275601495646,615,349,49179.63160111809
522,6.136811767764357,18.41043530329307,560,415,48553.09026864084
523,-35.43744878261075,-106.31234634783225,602,396,48812.92569366569
524,-49.195308485340455,-147.58592545602136,672,1105,47266.78336204108
525,28.23679415813855,84.71038247441565,597,483,48906.41640002975
526,-29.811601653137263,-89.43480495941179,614,466,48732.67871566009
527,-54.953436639122515,-164.86030991736754,622,569,48613.43052391531
528,4.289681770511255,12.869045311533764,594,516,48620.31189088494
529,-14.282650144648274,-42.847950433944824,604,461,49051.81457656449
530,34.98138811193405,104.94416433580216,658,716,48537.64155367999
531,-31.899445142036615,-95.69833542610985,583,705,47890.325805905886
532,-116.6888288223967,-350.0664864671901,628,890,48206.17075544014
533,-37.92336986356499,-113.77010959069499,634,999,46929.99708541548
534,10.564018447920125,31.692055343760373,590,429,48903.70151188681
535,15.551151426226681,46.653454278680044,563,391,49027.39236317169
536,-42.00541704853471,-126.01625114560413,612,656,48213.30909491471
537,-5.902413815889161,-17.70724144766748,661,1237,47628.20497678957
538,-4.357391842238368,-13.072175526715103,596,460,48662.39604584751
539,-49.17673460247752,-147.53020380743254,604,535,48392.651136155866
540,-11.99657875568156,-35.98973626704468,592,482,48616.22989098594
541,34.72522208503116,104.17566625509349,595,574,48613.2806928627
542,49.080072605411495,147.2402178162345,579,413,48870.330183920945
543,-122.36168019581571,-367.0850405874471,813,2660,48102.91229786575
544,-83.46464373994792,-250.39393121984375,690,1617,46987.75744935217
545,-66.28073197198576,-198.8421959159573,629,873,48109.56447263921
546,-39.0664970634486,-117.19949119034581,651,956,48362.509667730126
547,-52.49367993718613,-157.4810398115584,633,807,48358.211598673945
548,-36.6734511031002,-110.02035330930059,638,832,48255.52783743622
549,17.327842702765995,51.98352810829799,591,369,49095.2865475072
550,34.996525330289764,104.98957599086928,566,288,49259.5719548324
551,6.133707704785905,18.401123114357716,568,313,49317.28279086119
552,14.14538711529047,42.43616134587141,561,438,48709.346022173566
553,9.049219534893394,27.14765860468018,591,363,48922.30488810176
554,0.9339986413316416,2.801995923994925,568,404,48904.917288193625
555,0.815925355614957,2.447776066844871,584,387,48970.42862953991
556,-44.859538896306674,-134.57861668892002,586,347,49172.73473981017
557,17.89909325026745,53.697279750802345,614,448,48547.07089133515
558,34.62880712690836,103.8864213807251,571,393,48878.60779656617
559,0.48431569289329107,1.4529470786798733,576,357,49033.09154090739
560,8.902231398452551,26.706694195357652,586,680,47930.93112327368
561,28.263613631740455,84.79084089522136,573,267,49433.372735976525
562,-15.310838054674946,-45.93251416402484,580,308,48967.62588538144
563,-24.786709134062246,-74.36012740218673,604,488,48613.26134153386
564,22.382033689931564,67.1461010697947,588,522,48759.86394173496
565,-15.078733072952579,-45.236199218857735,607,539,48688.335614553296
566,-22.860030926957418,-68.58009278087225,572,424,48816.00410455865
567,-14.13713780034108,-42.41141340102324,673,1159,47262.52368380232
568,45.31841558231368,135.95524674694104,578,307,49405.652415434786
569,30.548953426488538,91.64686027946561,577,410,49102.051722961056
570,39.58994731234633,118.769841937039,633,424,49087.96883592323
571,42.48208340865467,127.446250225964,604,389,49170.51910272765
572,-89.94016923833321,-269.8205077149996,713,1784,47050.42721375196
573,-31.506088620028635,-94.5182658600859,613,746,48456.731604353015
574,-27.691068239650864,-83.0732047189526,613,1035,46857.18915807751
575,-1.273016063502703,-3.8190481905081093,584,456,48805.155539020605
576,-3.8914396375134204,-11.674318912540262,566,398,49098.7803378925
577,-10.35170758467442,-31.055122754023262,617,553,48473.87687975309
578,-11.741188971922492,-35.22356691576748,588,496,48855.49904446604
579,36.437316813405765,109.31195044021729,586,385,48988.24244185812
580,22.906664840177186,68.71999452053156,578,349,49347.46461862289
581,38.4404511332354,115.3213533997062,593,265,49597.78517735071
582,9.483876381862403,28.45162914558721,595,314,49185.56767021148
583,-0.5347736570129596,-1.604320971038879,636,411,49018.606037583566
584,3.0289605776067248,9.086881732820174,580,373,49095.97876743754
585,0.55928911159972,1.67786733479916,587,280,49268.01130802276
586,-1.7189086074717033,-5.15672582241511,561,374,48993.3675103431
587,-6.681187800153336,-20.04356340046001,590,281,49372.9846774752
588,12.76404366218775,38.29213098656325,571,279,49211.83646582243
589,8.075443603654533,24.2263308109636,586,383,49390.732842115016
590,20.98589293037419,62.957678791122575,585,296,49424.65041463489
591,9.997942517167129,29.993827551501386,587,356,48945.759075881295
592,15.9280012467524,47.7840037402572,581,321,49187.652481328914
593,16.975846808564636,50.927540425693905,579,395,49027.265775597385
594,-0.23633173740861224,-0.7089952122258367,606,506,48655.14746205791
595,10.94207742860271,32.82623228580813,592,439,48788.53906783328
596,-8.624652486265857,-25.87395745879757,602,670,47975.37868458073
597,-28.349677112715536,-85.0490313381466,599,400,49070.06877661162
598,-5.689121588422293,-17.06736476526688,586,461,49099.077173907324
599,29.05996879833654,87.17990639500962,594,500,48737.93858085517
600,-3.517716147542741,-10.553148442628224,620,775,47784.20739113649
601,-1.4958247792556414,-4.487474337766924,597,357,49185.43512093001
602,4.283435524961116,12.850306574883348,652,1014,47418.47018984135
603,-19.046878404231844,-57.14063521269553,633,863,47251.115170074416
604,-0.8271553162470499,-2.4814659487411497,659,1274,47172.95680206481
605,25.317168667203532,75.9515060016106,625,440,48942.41802077576
606,-24.545960888893614,-73.63788266668084,604,1030,47432.52700442366
607,-1.6106079542648188,-4.831823862794456,600,764,48307.97282469436
608,-37.60450677052949,-112.81352031158846,637,723,48684.81434478089
609,33.30326441465415,99.90979324396245,579,424,48775.17691224334
610,6.826609373371002,20.479828120113005,586,408,48934.74784849907
611,24.197442247648045,72.59232674294414,617,469,48802.507221562686
612,13.369190423053631,40.10757126916089,589,412,49248.75428014793
613,34.18945658139965,102.56836974419895,583,306,49292.35798985158
614,-13.203459332375402,-39.61037799712621,581,465,48916.27993610991
615,-51.07691035593685,-153.23073106781055,617,1018,48136.92591257787
616,-21.779659808977172,-65.33897942693152,608,677,48350.88718147605
617,39.477242417313605,118.43172725194081,617,428,49109.719044683254
618,-10.308295716836271,-30.924887150508816,595,374,48933.58655809722
619,33.94498958479815,101.83496875439445,560,372,49116.260755385956
620,42.33889814610436,127.0166944383131,608,281,49621.46588332851
621,-0.6084049397411748,-1.8252148192235245,612,968,47593.36742910859
622,50.03329222338656,150.0998766701597,590,395,48963.946162882276
623,25.880026874596826,77.64008062379048,596,359,49196.72975871887
624,-18.06025827904284,-54.180774837128524,616,350,49263.99255653774
625,9.535259338733649,28.605778016200947,611,378,49088.00734999911
626,7.052034326494048,21.156102979482142,574,298,49167.05083083169
627,16.75554030290346,50.26662090871038,592,332,49137.36793053169
628,32.78667194164408,98.36001582493225,625,505,48878.40173425213
629,21.37644789593024,64.12934368779072,592,466,48897.28050794878
630,34.099167132727935,102.29750139818381,620,393,48937.87252015341
631,22.01118733174019,66.03356199522057,600,257,49485.543378532726
632,-7.54927545188434,-22.64782635565302,609,382,49413.8720500584
633,28.462002026550163,85.38600607965049,629,350,49253.6742730179
634,6.545937434902968,19.637812304708905,609,422,49140.78311511504
635,25.789800343303597,77.36940102991079,612,383,49447.85178142814
636,5.971411473223995,17.914234419671985,620,517,48820.26239100824
637,18.044191761961507,54.13257528588452,572,425,48882.97445681769
638,33.186547287304656,99.55964186191396,612,409,49233.601785351166
639,32.81699559119804,98.45098677359411,603,298,49322.94054870247
640,32.99481576993724,98.98444730981173,588,407,48835.74902544658
641,-45.94649732469647,-137.8394919740894,605,647,48866.67634881673
642,-17.731756722997343,-53.195270168992025,580,305,49346.46175393647
643,35.434844104377305,106.30453231313192,572,341,49397.682348344424
644,12.344616481306831,37.033849443920495,582,342,49116.39007795501
645,42.76663178292572,128.29989534877717,584,385,49049.189447598284
646,17.264821105519914,51.79446331655974,581,593,48497.818005136185
647,26.96944693992234,80.90834081976702,621,511,48990.859510687835
648,5.958351058818884,17.875053176456653,584,433,48865.76749845618
649,44.70478485122376,134.11435455367126,603,319,49335.809095844335
650,1.1706429943615142,3.511928983084543,575,361,49053.60059346216
651,53.72116101360931,161.16348304082794,611,327,49346.58861798361
652,9.393694232845862,28.181082698537587,631,597,48563.5958631698
653,10.730462806753215,32.19138842025964,599,361,49194.58701235081
654,-21.653362767562516,-64.96008830268755,604,442,48992.8347887026
655,36.053578506478715,108.16073551943614,607,306,49370.52338513873
656,-4.617341199758059,-13.852023599274176,583,387,49194.79097541337
657,16.59502031894034,49.78506095682101,599,332,49155.422866605026
658,24.439335023030306,73.31800506909092,616,429,49096.80295175257
659,20.681149773164865,62.0434493194946,600,320,49259.82631573655
660,64.82845574108576,194.4853672232573,571,279,49361.99240707281
661,32.761468276516005,98.28440482954801,602,311,49424.55799108749
662,7.727919752665731,23.183759257997192,601,242,49615.204266546694
663,43.67789704328262,131.03369112984785,590,376,48949.55232356239
664,46.85662713108126,140.56988139324378,638,567,48826.25238630166
665,-18.933302087227993,-56.79990626168398,604,504,49071.29904855663
666,41.06929249051395,123.20787747154186,620,404,49082.16981559391
667,-26.263995284554188,-78.79198585366257,660,954,48474.041245067
668,-33.886053717093255,-101.65816115127977,614,527,48914.90859552578
669,-55.74078967725964,-167.22236903177892,703,1417,48055.60076889889
670,-43.615480020925446,-130.84644006277634,674,1197,48729.43449500723
671,-55.76903088507631,-167.30709265522893,683,1210,48916.05794616505
672,17.047890849047818,51.14367254714345,572,461,48851.2376940005
673,10.55999813010565,31.67999439031695,603,338,49340.76686762743
674,-8.155148977589459,-24.465446932768376,639,735,48774.14147054037
675,-45.64789396310616,-136.9436818893185,683,1493,47437.01988449168
676,27.07807712785804,81.23423138357413,613,335,49341.09569785491
677,5.581121628098333,16.743364884294998,591,290,49406.236800366205
678,36.535039069135536,109.60511720740661,580,417,49116.25336172936
679,23.96716662970108,71.90149988910323,606,221,49724.638255786565
680,54.60149410490777,163.80448231472332,566,338,49464.74936723774
681,40.09092717530979,120.27278152592936,608,350,49192.50931745373
682,53.886833349998426,161.66050004999528,572,276,49485.70500771254
683,52.67247833543471,158.01743500630414,592,273,49367.95774523799
684,45.63053557313457,136.8916067194037,573,318,49295.493105109665
685,34.959595172461,104.87878551738301,582,310,49114.283565237085
686,58.73234256939016,176.19702770817048,594,351,49430.4710839973
687,30.76201668511169,92.28605005533507,611,397,49100.99216383703
688,68.10626285598994,204.31878856796982,602,311,49479.13571287368
689,-11.376266827788305,-34.12880048336491,631,591,48966.933768452465
690,31.494218317685664,94.482654953057,624,458,48988.15325484008
691,54.559349292485535,163.6780478774566,627,298,49510.103165843306
692,25.418292190172128,76.25487657051639,598,277,49470.69751894861
693,52.15596164420358,156.46788493261073,587,358,49225.734332496795
694,63.00498617621434,189.014958528643,587,266,49473.14941760815
695,23.712298560490613,71.13689568147184,613,314,49444.53570773697
696,60.17392763788229,180.52178291364686,594,232,49644.99092078493
697,12.765548887452482,38.296646662357446,570,303,49354.82611320075
698,46.141412762139566,138.4242382864187,599,275,49558.1204917295
699,73.35406273683036,220.06218821049106,596,353,49397.61971983017
700,-43.16007038073254,-129.48021114219762,708,1618,47407.96280671654
701,-59.226298228091004,-177.67889468427302,699,1385,48741.72876848608
702,0.8540165918468515,2.5620497755405545,620,702,48856.91811773399
703,-2.4055956074795217,-7.216786822438565,600,513,48963.75206072464
704,-10.947603962403244,-32.842811887209734,605,462,49170.59295563654
705,20.76312018921209,62.289360567636265,595,317,49386.50071628852
706,-44.44043980938728,-133.32131942816184,641,729,48942.88230457419
707,-1.509185741818652,-4.527557225455956,620,354,49261.27313558143
708,-22.93163391156717,-68.79490173470151,625,869,48763.21123352809
709,36.08104379160566,108.24313137481698,597,281,49510.712273668265
710,13.86828564281781,41.60485692845343,590,421,49225.94203135895
711,36.4953215230353,109.4859645691059,606,274,49554.131779073454
712,35.08744330744301,105.26232992232903,609,331,49329.62826894848
713,-12.333873760566176,-37.001621281698526,627,624,49058.010586539116
714,2.6922869525677426,8.076860857703227,607,321,49317.126935235116
715,38.753377175556146,116.26013152666845,592,249,49549.4426789717
716,41.12890053620846,123.38670160862539,591,317,49414.37592776302
717,57.2431345326533,171.7294035979599,594,285,49412.02356163541
718,33.82634660020125,101.47903980060374,596,297,49392.26891466631
719,-65.51102701597729,-196.53308104793186,648,796,48866.36398493624
720,38.089568641165066,114.26870592349519,582,294,49393.125796328764
721,67.5029839191561,202.50895175746828,601,207,49679.680471170075
722,42.57161566593498,127.71484699780494,583,245,49500.7996275759
723,21.196616246599152,63.58984873979745,606,435,49149.51108011127
724,37.3599682225956,112.07990466778679,633,350,49304.31782571196
725,51.29610569570527,153.8883170871158,598,208,49516.3304220714
726,32.86403889242946,98.59211667728839,591,278,49500.491220257
727,35.82184625607136,107.46553876821409,609,361,49177.512006925484
728,36.855224211693546,110.56567263508063,610,453,49202.85675615139
729,21.908573563226156,65.72572068967847,628,499,49133.31728072859
730,38.220119971070126,114.66035991321037,590,240,49457.75665750748
731,40.451056695022345,121.35317008506703,612,345,49518.47252134887
732,48.61523300571076,145.8456990171323,575,291,49404.1271159101
733,51.44126443272868,154.32379329818605,621,277,49632.86062894143
734,36.25329328352489,108.75987985057466,587,268,49465.36128045202
735,49.748392006088295,149.24517601826489,583,245,49656.39387453076
736,6.353648158540189,19.060944475620566,620,366,49325.52260385978
737,34.5895646745623,103.76869402368689,617,434,49069.894036697544
738,-30.757793534285145,-92.27338060285544,680,999,49072.328651938136
739,14.050826026797665,42.152478080392996,609,426,49030.1582842284
740,21.53101076690693,64.5930323007208,607,229,49570.46219039925
741,13.043586705767467,39.1307601173024,632,637,49131.23731686609
742,3.754391123401797,11.26317337020539,633,613,48898.04296853803
743,11.763043933075656,35.289131799226965,600,507,49103.05691844006
744,41.848810621132834,125.5464318633985,585,213,49670.81967649771
745,17.22626114629051,51.678783438871534,598,350,49214.19061395479
746,22.540586088681135,67.6217582660434,617,417,49218.42578770537
747,40.97573374836832,122.92720124510495,590,201,49673.403484862116
748,12.554959947351158,37.66487984205347,612,513,49112.27189979218
749,22.636331761193834,67.9089952835815,611,385,49348.61875476473
750,-54.53233609471716,-163.59700828415149,703,1501,49097.41591554889
751,6.7670180019599195,20.30105400587976,666,880,48916.19743899123
752,51.56530042998683,154.6959012899605,596,257,49445.34331225702
753,37.50277645331621,112.50832935994862,590,413,49030.23817706244
754,60.58624105666885,181.75872317000653,606,292,49412.80828418839
755,0.8788806057263431,2.6366418171790293,595,369,49359.75392442485
756,-5.558054300546877,-16.67416290164063,611,444,49253.62610323272
757,-6.983703742577944,-20.951111227733833,625,639,49086.75445232952
758,39.66344032927254,118.99032098781763,604,249,49661.517344494016
759,62.624360057663715,187.87308017299114,612,297,49605.60720736789
760,8.137777344498152,24.41333203349446,604,450,49210.57676447851
761,30.380456514092774,91.14136954227833,602,314,49467.75162800946
762,35.85359942241019,107.56079826723058,610,503,49068.979043359715
763,14.972519484176592,44.917558452529775,607,324,49292.12417335289
764,52.71709239969002,158.15127719907005,611,271,49612.29416217311
765,18.563100548347602,55.68930164504281,625,443,49208.988219389605
766,18.783109531957624,56.34932859587287,614,328,49439.748998279
767,33.385554362531956,100.15666308759586,575,251,49655.85859829783
768,39.68712694052773,119.0613808215832,602,308,49338.14056270383
769,-27.45357462778611,-82.36072388335833,607,442,49108.16172495185
770,-17.989663187277696,-53.968989561833084,600,450,49249.01164374777
771,-9.193423716514232,-27.580271149542696,630,654,49284.93404083312
772,7.728608299341346,23.185824898024038,595,329,49337.38413747096
773,17.63978145152512,52.91934435457536,582,303,49558.59889907608
774,17.751243536366882,53.25373060910064,610,224,49453.473772885176
775,30.114477573774263,90.34343272132278,615,206,49713.38088478848
776,46.66685343255409,140.00056029766228,610,259,49580.12560049387
777,58.67454872123711,176.02364616371133,574,302,49600.01981224304
778,15.892410906289818,47.677232718869455,594,357,49427.945740392126
779,30.975092669137183,92.92527800741155,609,250,49731.8854386481
780,29.205097445326118,87.61529233597835,588,239,49767.868001627074
781,65.30740644317575,195.92221932952725,589,242,49507.491562480216
782,48.46104669607686,145.3831400882306,622,284,49474.98821023644
783,55.4745534397126,166.4236603191378,610,259,49399.241871163125
784,40.62239375589124,121.86718126767371,591,305,49329.911473412074
785,35.42404200984217,106.2721260295265,606,398,49082.941908674744
786,-12.39703809324209,-37.19111427972627,590,341,49464.234633561275
787,-10.856835152484223,-32.57050545745267,614,502,49318.78081919169
788,32.81139827338583,98.43419482015747,579,215,49810.80877228073
789,26.78706857722365,80.36120573167095,595,212,49791.269999662065
790,48.410064756293984,145.23019426888195,584,238,49656.86176902701
791,28.2456966831316,84.73709004939481,606,257,49578.08886051282
792,33.90489644658188,101.71468933974563,600,276,49632.039774075674
793,11.93191949837337,35.79575849512011,602,329,49532.89750355072
794,62.48685512716719,187.46056538150157,615,308,49400.087101944344
795,54.453941097869496,163.3618232936085,598,273,49637.04029467957
796,31.01154813635289,93.03464440905867,624,328,49490.37814461276
797,27.911285078130735,83.73385523439221,609,278,49556.40860276199
798,44.09208328641313,132.27624985923939,595,218,49614.49127224422
799,79.3630975863126,238.08929275893783,616,242,49557.62316694697
800,23.77852802836738,71.33558408510214,590,273,49635.01644193537
801,15.48368005047893,46.451040151436786,591,447,49079.90520502053
802,49.858269187333406,149.57480756200022,612,291,49415.13545307563
803,24.840348763181932,74.5210462895458,647,342,49276.66639085414
804,30.92483313522726,92.77449940568178,632,457,49433.41227762222
805,44.177668929594525,132.53300678878358,608,364,49191.7648266457
806,-23.620843043777572,-70.86252913133272,606,548,49257.2108642541
807,34.64134345294976,103.92403035884928,599,377,49188.66395041157
808,5.546461119559229,16.639383358677687,657,494,49005.010706200876
809,1.3825327175719455,4.147598152715837,591,322,49323.52534807072
810,48.57578724463777,145.7273617339133,609,207,49642.081616918564
811,-41.49397171495762,-124.48191514487284,676,1106,49021.984034564375
812,-34.15582675434531,-102.46748026303594,654,1038,49024.09233700732
813,-43.407535935854064,-130.22260780756218,644,691,49018.78810955972
814,-42.59067100692847,-127.7720130207854,679,1298,49164.78971171363
815,-56.29305552723844,-168.8791665817153,658,1009,49359.66850994967
816,8.715047456780377,26.145142370341134,657,708,48692.96322615599
817,0.9264185667766126,2.7792557003298377,613,472,49319.87364146007
818,49.218713402026516,147.65614020607956,621,451,49373.45624172358
819,-12.654993813776175,-37.964981441328526,642,628,49155.942100165565
820,18.47624397318046,55.42873191954138,589,430,49215.5987498788
821,36.869380180236455,110.60814054070936,615,424,49303.64666623208
822,39.63642970889858,118.90928912669575,605,403,49208.44300776291
823,0.31299269243712047,0.9389780773113614,604,391,49474.02700590508
824,1.69875106004674,5.09625318014022,604,355,49491.93504722964
825,25.71176667772239,77.13530003316717,603,316,49353.78180534367
826,-1.694887186772803,-5.084661560318409,614,459,49421.97429307878
827,43.888418984189734,131.6652569525692,613,323,49534.0575410032
828,-36.24611242478402,-108.73833727435206,658,1072,49451.55034246372
829,45.95995284969623,137.87985854908868,608,269,49554.24170120769
830,6.296421941318159,18.889265823954478,601,414,49337.77197685502
831,20.92914801342718,62.78744404028154,584,212,49778.328816498404
832,-10.655343085013078,-31.966029255039235,629,436,49535.57601579471
833,1.202667229118567,3.608001687355701,625,437,49523.19017972979
834,18.6076689530311,55.823006859093304,612,383,49252.28928109025
835,29.790425329399437,89.3712759881983,609,328,49406.663864826936
836,13.42716513310801,40.28149539932403,598,327,49593.956198564294
837,2.51970050233654,7.559101507009621,645,560,49101.63258995623
838,15.848863759257938,47.546591277773814,632,440,49295.38392248431
839,-14.626091341134185,-43.878274023402554,619,520,49231.55549295524
840,29.065423585770887,87.19627075731266,609,384,49364.407860469684
841,66.37124430555559,199.11373291666678,609,243,49764.77515827726
842,33.62839940701884,100.88519822105653,594,418,49255.97308268371
843,33.528398970926865,100.58519691278059,598,280,49393.83050034592
844,12.613187128521536,37.83956138556461,615,426,49275.57401631849
845,34.11418356783881,102.34255070351642,573,180,49709.55777578694
846,66.9635516197187,200.8906548591561,612,283,49408.23758982649
847,10.4815148122445,31.4445444367335,609,309,49466.40587122365
848,38.375609109191466,115.1268273275744,610,318,49444.29207806916
849,31.13402600803396,93.40207802410188,602,308,49383.203387846486
850,49.46709042724803,148.4012712817441,591,196,49568.89692894466
851,32.64032035994146,97.9209610798244,600,231,49771.167775175774
852,52.69495656993984,158.08486970981951,600,260,49464.050657565116
853,44.47223425833607,133.41670277500822,581,276,49521.37651292729
854,49.19825475885633,147.59476427656898,601,209,49730.214150852386
855,43.81663940665948,131.44991821997846,568,165,49740.17689911387
856,15.623984246302518,46.87195273890755,606,452,49101.301639846475
857,43.585927160655906,130.75778148196773,576,226,49620.57443616413
858,70.99845048463975,212.99535145391923,602,306,49375.3917046569
859,59.04138173240664,177.12414519721992,611,237,49477.88121429403
860,56.12279555223686,168.36838665671058,598,254,49687.08619831239
861,63.825265696166944,191.47579708850083,568,362,49167.15180576323
862,51.78455976084308,155.35367928252924,602,401,48991.77838558989
863,3.23340867017763,9.70022601053289,597,267,49565.4409939442
864,32.07550483279886,96.22651449839658,591,335,49259.92331832944
865,43.97590659536694,131.92771978610082,613,235,49476.75900801235
866,63.462450057371086,190.38735017211326,594,239,49606.835803109585
867,55.38285525890807,166.1485657767242,571,382,49208.169338259424
868,16.501309086444035,49.5039272593321,601,218,49687.00310861071
869,50.23847974881758,150.71543924645275,604,325,49515.409626127366
870,27.775398343425753,83.32619503027726,618,391,49478.95042465714
871,34.544189269908664,103.632567809726,602,275,49745.296683334105
872,48.583521586009226,145.75056475802768,584,187,49751.04745114133
873,62.46901722144137,187.40705166432411,574,178,49904.241713036696
874,36.25888915934657,108.77666747803971,608,432,49403.9574188386
875,31.262262455587152,93.78678736676146,626,406,49202.93535109615
876,46.86973832692987,140.6092149807896,605,379,49355.77659185884
877,42.12742091491606,126.38226274474818,589,231,49514.92552263958
878,57.5999607915067,172.7998823745201,595,306,49170.19098209159
879,13.324792628191128,39.974377884573386,610,416,48987.23325858271
880,-20.54104835076801,-61.623145052304025,617,465,49458.80123918972
881,48.496577887064554,145.48973366119367,616,350,49345.21567830383
882,36.474965376198014,109.42489612859404,591,316,49454.133586423464
883,32.98113062169261,98.94339186507783,598,252,49538.155751285885
884,18.591334168484536,55.77400250545361,628,494,49242.766591865606
885,-7.589903124835396,-22.76970937450619,620,590,49434.90018653553
886,31.50495590656178,94.51486771968534,625,298,49510.90542557987
887,40.138011586469645,120.41403475940893,622,333,49410.20188140677
888,31.880400251586234,95.6412007547587,624,483,49330.578207675324
889,-3.908744942909106,-11.726234828727318,632,595,49033.71661474975
890,-10.329447446962876,-30.988342340888625,644,703,49242.15309799221
891,-39.23568647204038,-117.70705941612114,662,918,49385.39504523391
892,51.50648576410691,154.51945729232074,617,365,49252.432613896046
893,42.2217997435192,126.6653992305576,601,323,49447.10194273599
894,30.06616846254785,90.19850538764355,649,515,49224.36107759732
895,-14.134230857777808,-42.402692573333425,625,533,49385.91833372885
896,29.13360258465882,87.40080775397647,631,392,49418.596768173
897,47.28329824921443,141.8498947476433,597,262,49506.47635533327
898,14.09647901119812,42.28943703359436,614,492,49238.53292940419
899,3.895885590699681,11.687656772099043,634,490,49171.64002754505
900,39.63055681462253,118.89167044386758,601,218,49612.148395405064
901,29.371690165757723,88.11507049727317,599,431,49063.38601599596
902,15.808987490055957,47.42696247016787,614,486,49361.51200702873
903,57.35835359797563,172.0750607939269,604,350,49191.25123225452
904,28.46198617369244,85.38595852107733,608,520,48946.62037232593
905,6.75338587176618,20.26015761529854,613,444,49194.01761397247
906,51.35161456504071,154.05484369512214,610,206,49663.87793297528
907,-54.62400658005686,-163.87201974017057,737,1773,48246.469543021085
908,50.916382356627935,152.7491470698838,594,184,49752.983554848375
909,37.870799587907875,113.61239876372362,612,345,49250.05390723332
910,29.312804018839717,87.93841205651916,616,468,49112.327326074
911,19.854812661348102,59.564437984044304,635,482,49154.350939528085
912,27.918797797162863,83.75639339148859,613,396,49113.52641746854
913,17.31787106253648,51.953613187609434,614,527,49030.92669924968
914,80.32278511377687,240.9683553413306,590,249,49501.274832564
915,43.60522293213316,130.81566879639948,572,291,49520.92684081592
916,48.3489956167405,145.04698685022151,593,413,49173.34800495299
917,50.8025178039569,152.4075534118707,596,328,49336.33078903689
918,34.708614476803554,104.12584343041067,591,278,49397.829923437355
919,40.30364885702199,120.91094657106598,587,238,49581.74779835749
920,43.026663191761884,129.07998957528565,597,318,49447.338889227125
921,28.31162992100845,84.93488976302535,599,340,49285.628570731795
922,19.56247754547857,58.6874326364357,627,397,49190.22688451622
923,46.54511625940489,139.63534877821468,605,309,49496.92126285709
924,33.04945970770291,99.14837912310873,658,586,49182.83249002388
925,32.263341902825566,96.7900257084767,610,417,49334.09420362871
926,56.342954455839504,169.0288633675185,585,372,49253.12553654537
927,17.181955533177327,51.545866599531976,631,467,49309.47980490522
928,-4.537311705117719,-13.611935115353157,632,673,49210.234708801305
929,30.080377954109917,90.24113386232975,593,218,49708.159055815886
930,37.786241256863086,113.35872377058926,612,370,49574.195910575836
931,35.35533726520419,106.06601179561258,616,310,49694.243812935674
932,27.317727458409504,81.95318237522851,602,259,49726.430187786915
933,36.09458232466361,108.28374697399084,622,345,49411.66253913619
934,49.7309467993533,149.1928403980599,575,213,49691.16546379141
935,32.73725062572813,98.21175187718438,593,344,49477.38790610821
936,29.13033509102762,87.39100527308287,606,390,49359.833900720485
937,-25.34599633655331,-76.03798900965992,629,456,49317.24461483107
938,51.37068597337443,154.11205792012328,594,395,49086.4917636145
939,16.72371076397018,50.17113229191054,622,458,49471.700737717634
940,57.37034347579337,172.11103042738011,613,315,49444.48445699382
941,-28.62722781707807,-85.88168345123421,626,544,49213.806145171504
942,33.552317398424385,100.65695219527315,606,357,49246.45517455332
943,65.35546487299155,196.06639461897464,572,193,49785.97361414962
944,44.153102482410084,132.45930744723026,596,215,49689.011801818175
945,22.66174730114837,67.98524190344511,602,341,49236.872393134974
946,46.25350312653014,138.76050937959042,588,339,49268.434146763866
947,21.239589903685086,63.71876971105526,583,275,49476.46789997043
948,55.00054866019076,165.00164598057228,610,311,49474.46105370118
949,8.867586618021123,26.602759854063372,598,335,49409.355210457805
950,53.8574129125289,161.5722387375867,596,300,49488.926310654744
951,0.038234374830835215,0.11470312449250564,646,688,49210.71306604469
952,24.6067522428299,73.8202567284897,619,366,49460.74496382984
953,46.144048552679855,138.43214565803956,600,259,49611.83468251125
954,25.72870708269227,77.18612124807682,619,422,49238.50881421758
955,17.94900748083564,53.84702244250692,599,254,49361.83196223779
956,59.6587286179369,178.9761858538107,614,228,49540.201239303766
957,47.23740925465351,141.71222776396053,586,225,49620.228756227756
958,44.56195510860247,133.6858653258074,602,215,49762.68960319864
959,67.99792100537209,203.99376301611628,587,163,49869.56643047659
960,51.49366995080862,154.48100985242587,625,351,49189.30519906428
961,33.687289026894845,101.06186708068454,606,243,49576.02404919907
962,45.39910201107026,136.1973060332108,613,290,49500.36108017024
963,18.40181234044818,55.205437021344544,616,392,49505.75432972898
964,61.68350749679261,185.05052249037783,606,294,49364.5687069453
965,56.422967146497264,169.2689014394918,583,267,49491.584038230634
966,52.491849167433394,157.47554750230017,605,291,49445.204918100004
967,47.16233177787644,141.48699533362932,591,366,49383.69189008781
968,50.455933205624355,151.36779961687307,616,315,49381.69732728805
969,50.010380132748274,150.03114039824482,595,261,49547.57320179236
970,47.730974605086324,143.19292381525898,612,415,49144.639651488
971,35.286859557484874,105.86057867245462,601,287,49416.977944852806
972,40.5471844539972,121.6415533619916,591,214,49730.88501566058
973,68.23286040433061,204.69858121299183,582,205,49632.654520077245
974,51.55312020640614,154.65936061921843,604,192,49718.23389833374
975,21.39309005956575,64.17927017869725,595,355,49298.46899060144
976,45.89435600268419,137.68306800805257,629,264,49662.13137918835
977,54.45531954316878,163.36595862950634,595,269,49564.69671463099
978,32.744586466508544,98.23375939952564,602,457,49504.07509514011
979,32.183315893662375,96.54994768098712,630,482,49454.7230494437
980,66.73789014587409,200.21367043762226,600,266,49578.35394368849
981,1.1754380259404205,3.5263140778212616,595,388,49485.18135780497
982,61.4033701430183,184.2101104290549,601,268,49448.48717685502
983,57.044307868908525,171.13292360672557,581,171,49818.57881553983
984,42.00260040405788,126.00780121217363,606,276,49536.72530568559
985,43.490932976562625,130.47279892968788,576,190,49646.166016166884
986,24.987572787897193,74.96271836369158,630,415,49390.17000986973
987,40.344438238508225,121.03331471552468,629,512,49055.372381295325
988,65.8844440526346,197.65333215790383,583,192,49740.501495146986
989,53.07034302241806,159.21102906725417,605,279,49586.32904954828
990,36.57641065852412,109.72923197557236,602,308,49431.86222563686
991,49.78267777236056,149.34803331708167,576,299,49520.69898278761
992,51.39872441781343,154.1961732534403,589,317,49424.393090184065
993,54.68405734707945,164.05217204123835,602,289,49427.50077060014
994,48.1873817625945,144.5621452877835,600,230,49589.678404711216
995,47.443365157868804,142.3300954736064,622,196,49804.546470122106
996,24.14068386134114,72.42205158402342,639,419,48982.205402854794
997,47.100862745313684,141.30258823594104,587,276,49429.19633745553
998,36.08277631340928,108.24832894022785,596,319,49285.48036635751
999,31.07618596891797,93.2285579067539,608,297,49591.39914949245
1000,52.62296733505576,157.86890200516729,594,219,49547.02333358793
